<?xml version="1.0"?>
<!DOCTYPE hibernate-mapping PUBLIC "-//Hibernate/Hibernate Mapping DTD 3.0//EN" "http://hibernate.sourceforge.net/hibernate-mapping-3.0.dtd">

<hibernate-mapping default-lazy="false" auto-import="false">
	<import class="com.spad.icop.model.AppointmentCall" />
	<import class="com.spad.icop.model.CompilanceCheck" />
	<import class="com.spad.icop.model.ComplainCheckAudit" />
	<import class="com.spad.icop.model.EmployeeAudit" />
	<import class="com.spad.icop.model.LogWork" />
	<import class="com.spad.icop.model.TrainingCertification" />
	<class name="com.spad.icop.model.impl.AppointmentCallImpl" table="icop_AppointmentCall">
		<cache usage="read-write" />
		<id name="recordcallid" type="long">
			<generator class="assigned" />
		</id>
		<property name="aditid" type="com.liferay.portal.dao.orm.hibernate.LongType" />
		<property name="dateonroadsafty" type="com.liferay.portal.dao.orm.hibernate.StringType" />
		<property name="time" type="com.liferay.portal.dao.orm.hibernate.StringType" column="time_" />
		<property name="investigationtitle" type="com.liferay.portal.dao.orm.hibernate.StringType" />
		<property name="location" type="com.liferay.portal.dao.orm.hibernate.StringType" />
		<property name="company" type="com.liferay.portal.dao.orm.hibernate.StringType" />
		<property name="statusverification" type="com.liferay.portal.dao.orm.hibernate.StringType" />
		<property name="operatorname" type="com.liferay.portal.dao.orm.hibernate.StringType" />
		<property name="nameofOfficer" type="com.liferay.portal.dao.orm.hibernate.StringType" />
	</class>
	<class name="com.spad.icop.model.impl.CompilanceCheckImpl" table="icop_CompilanceCheck">
		<cache usage="read-write" />
		<id name="compilanceCheckid" type="long">
			<generator class="assigned" />
		</id>
		<property name="aditid" type="com.liferay.portal.dao.orm.hibernate.LongType" />
		<property name="company" type="com.liferay.portal.dao.orm.hibernate.StringType" />
		<property name="audidate" type="com.liferay.portal.dao.orm.hibernate.StringType" />
		<property name="completedStatus" type="com.liferay.portal.dao.orm.hibernate.StringType" />
		<property name="auditPercentage" type="com.liferay.portal.dao.orm.hibernate.StringType" />
		<property name="questionSafetyOne" type="com.liferay.portal.dao.orm.hibernate.StringType" />
		<property name="questionSafetyTwo" type="com.liferay.portal.dao.orm.hibernate.StringType" />
		<property name="questionSafetyThree" type="com.liferay.portal.dao.orm.hibernate.StringType" />
		<property name="questionSafetFour" type="com.liferay.portal.dao.orm.hibernate.StringType" />
		<property name="questionSafetFive" type="com.liferay.portal.dao.orm.hibernate.StringType" />
		<property name="questionSafetSix" type="com.liferay.portal.dao.orm.hibernate.StringType" />
		<property name="questionSafetySeven" type="com.liferay.portal.dao.orm.hibernate.StringType" />
		<property name="questionNoteOne" type="com.liferay.portal.dao.orm.hibernate.StringType" />
		<property name="questionNoteTwo" type="com.liferay.portal.dao.orm.hibernate.StringType" />
		<property name="questionNoteThree" type="com.liferay.portal.dao.orm.hibernate.StringType" />
		<property name="questionNoteFour" type="com.liferay.portal.dao.orm.hibernate.StringType" />
		<property name="questionNoteFive" type="com.liferay.portal.dao.orm.hibernate.StringType" />
		<property name="questionNoteSix" type="com.liferay.portal.dao.orm.hibernate.StringType" />
		<property name="questionNoteSeven" type="com.liferay.portal.dao.orm.hibernate.StringType" />
		<property name="questionVehicalOne" type="com.liferay.portal.dao.orm.hibernate.StringType" />
		<property name="questionVehicalTwo" type="com.liferay.portal.dao.orm.hibernate.StringType" />
		<property name="questionVehicalThree" type="com.liferay.portal.dao.orm.hibernate.StringType" />
		<property name="questionVehicalFour" type="com.liferay.portal.dao.orm.hibernate.StringType" />
		<property name="questionVehicalFive" type="com.liferay.portal.dao.orm.hibernate.StringType" />
		<property name="questionVehicalSix" type="com.liferay.portal.dao.orm.hibernate.StringType" />
		<property name="questionVehicalSeven" type="com.liferay.portal.dao.orm.hibernate.StringType" />
		<property name="questionVehicalNoteOne" type="com.liferay.portal.dao.orm.hibernate.StringType" />
		<property name="questionVehicalNoteTwo" type="com.liferay.portal.dao.orm.hibernate.StringType" />
		<property name="questionVehicalNoteThree" type="com.liferay.portal.dao.orm.hibernate.StringType" />
		<property name="questionVehicalNoteFour" type="com.liferay.portal.dao.orm.hibernate.StringType" />
		<property name="questionVehicalNoteFive" type="com.liferay.portal.dao.orm.hibernate.StringType" />
		<property name="questionVehicalNoteSix" type="com.liferay.portal.dao.orm.hibernate.StringType" />
		<property name="questionVehicalNoteSeven" type="com.liferay.portal.dao.orm.hibernate.StringType" />
		<property name="questionManageOne" type="com.liferay.portal.dao.orm.hibernate.StringType" />
		<property name="questionManageTwo" type="com.liferay.portal.dao.orm.hibernate.StringType" />
		<property name="questionManageThree" type="com.liferay.portal.dao.orm.hibernate.StringType" />
		<property name="questionManageFour" type="com.liferay.portal.dao.orm.hibernate.StringType" />
		<property name="questionManageFive" type="com.liferay.portal.dao.orm.hibernate.StringType" />
		<property name="questionManageSix" type="com.liferay.portal.dao.orm.hibernate.StringType" />
		<property name="questionManageSeven" type="com.liferay.portal.dao.orm.hibernate.StringType" />
		<property name="questionManageNoteOne" type="com.liferay.portal.dao.orm.hibernate.StringType" />
		<property name="questionManageNoteTwo" type="com.liferay.portal.dao.orm.hibernate.StringType" />
		<property name="questionManageNoteThree" type="com.liferay.portal.dao.orm.hibernate.StringType" />
		<property name="questionManageNoteFour" type="com.liferay.portal.dao.orm.hibernate.StringType" />
		<property name="questionManageNoteFive" type="com.liferay.portal.dao.orm.hibernate.StringType" />
		<property name="questionManageNoteSix" type="com.liferay.portal.dao.orm.hibernate.StringType" />
		<property name="questionRecordsOne" type="com.liferay.portal.dao.orm.hibernate.StringType" />
		<property name="questionRecordsTwo" type="com.liferay.portal.dao.orm.hibernate.StringType" />
		<property name="questionRecordsThree" type="com.liferay.portal.dao.orm.hibernate.StringType" />
		<property name="questionRecordsNoteOne" type="com.liferay.portal.dao.orm.hibernate.StringType" />
		<property name="questionRecordsNoteTwo" type="com.liferay.portal.dao.orm.hibernate.StringType" />
		<property name="questionRecordsNoteThree" type="com.liferay.portal.dao.orm.hibernate.StringType" />
		<property name="questionReskOne" type="com.liferay.portal.dao.orm.hibernate.StringType" />
		<property name="questionReskTwo" type="com.liferay.portal.dao.orm.hibernate.StringType" />
		<property name="questionReskThree" type="com.liferay.portal.dao.orm.hibernate.StringType" />
		<property name="questionReskFour" type="com.liferay.portal.dao.orm.hibernate.StringType" />
		<property name="questionReskFive" type="com.liferay.portal.dao.orm.hibernate.StringType" />
		<property name="questionReskSix" type="com.liferay.portal.dao.orm.hibernate.StringType" />
		<property name="questionReskSeven" type="com.liferay.portal.dao.orm.hibernate.StringType" />
		<property name="questionReskEight" type="com.liferay.portal.dao.orm.hibernate.StringType" />
		<property name="questionReskNoteOne" type="com.liferay.portal.dao.orm.hibernate.StringType" />
		<property name="questionReskNoteTwo" type="com.liferay.portal.dao.orm.hibernate.StringType" />
		<property name="questionReskNoteThree" type="com.liferay.portal.dao.orm.hibernate.StringType" />
		<property name="questionReskNoteFour" type="com.liferay.portal.dao.orm.hibernate.StringType" />
		<property name="questionReskNoteFive" type="com.liferay.portal.dao.orm.hibernate.StringType" />
		<property name="questionReskNoteSix" type="com.liferay.portal.dao.orm.hibernate.StringType" />
		<property name="questionReskNoteSeven" type="com.liferay.portal.dao.orm.hibernate.StringType" />
		<property name="questionReskNoteEight" type="com.liferay.portal.dao.orm.hibernate.StringType" />
		<property name="notcomplied" type="com.liferay.portal.dao.orm.hibernate.StringType" />
		<property name="record" type="com.liferay.portal.dao.orm.hibernate.StringType" />
	</class>
	<class name="com.spad.icop.model.impl.ComplainCheckAuditImpl" table="icop_ComplainCheckAudit">
		<cache usage="read-write" />
		<id name="matterId" type="long">
			<generator class="assigned" />
		</id>
		<property name="aditid" type="com.liferay.portal.dao.orm.hibernate.LongType" />
		<property name="auditdate1_1" type="com.liferay.portal.dao.orm.hibernate.StringType" />
		<property name="auditdateNote1_1" type="com.liferay.portal.dao.orm.hibernate.StringType" />
		<property name="auditdate1_2" type="com.liferay.portal.dao.orm.hibernate.StringType" />
		<property name="auditdateNote1_2" type="com.liferay.portal.dao.orm.hibernate.StringType" />
		<property name="auditdate1_3" type="com.liferay.portal.dao.orm.hibernate.StringType" />
		<property name="auditdateNote1_3" type="com.liferay.portal.dao.orm.hibernate.StringType" />
		<property name="auditdate1_4" type="com.liferay.portal.dao.orm.hibernate.StringType" />
		<property name="auditdateNote1_4" type="com.liferay.portal.dao.orm.hibernate.StringType" />
		<property name="auditdate1_5" type="com.liferay.portal.dao.orm.hibernate.StringType" />
		<property name="auditdateNote1_5" type="com.liferay.portal.dao.orm.hibernate.StringType" />
		<property name="auditdate1_6" type="com.liferay.portal.dao.orm.hibernate.StringType" />
		<property name="auditdateNote1_6" type="com.liferay.portal.dao.orm.hibernate.StringType" />
		<property name="auditdate1_7" type="com.liferay.portal.dao.orm.hibernate.StringType" />
		<property name="auditdateNote1_7" type="com.liferay.portal.dao.orm.hibernate.StringType" />
		<property name="auditdate2_1" type="com.liferay.portal.dao.orm.hibernate.StringType" />
		<property name="auditdateNote2_1" type="com.liferay.portal.dao.orm.hibernate.StringType" />
		<property name="auditdate2_2" type="com.liferay.portal.dao.orm.hibernate.StringType" />
		<property name="auditdateNote2_2" type="com.liferay.portal.dao.orm.hibernate.StringType" />
		<property name="auditdate2_3" type="com.liferay.portal.dao.orm.hibernate.StringType" />
		<property name="auditdateNote2_3" type="com.liferay.portal.dao.orm.hibernate.StringType" />
		<property name="auditdate2_4" type="com.liferay.portal.dao.orm.hibernate.StringType" />
		<property name="auditdateNote2_4" type="com.liferay.portal.dao.orm.hibernate.StringType" />
		<property name="auditdate2_4_1" type="com.liferay.portal.dao.orm.hibernate.StringType" />
		<property name="auditdateNote2_4_1" type="com.liferay.portal.dao.orm.hibernate.StringType" />
		<property name="auditdate2_4_2" type="com.liferay.portal.dao.orm.hibernate.StringType" />
		<property name="auditdateNote2_4_2" type="com.liferay.portal.dao.orm.hibernate.StringType" />
		<property name="auditdate2_4_3" type="com.liferay.portal.dao.orm.hibernate.StringType" />
		<property name="auditdateNote2_4_3" type="com.liferay.portal.dao.orm.hibernate.StringType" />
		<property name="auditdate2_4_4" type="com.liferay.portal.dao.orm.hibernate.StringType" />
		<property name="auditdateNote2_4_4" type="com.liferay.portal.dao.orm.hibernate.StringType" />
		<property name="auditdate2_4_5" type="com.liferay.portal.dao.orm.hibernate.StringType" />
		<property name="auditdateNote2_4_5" type="com.liferay.portal.dao.orm.hibernate.StringType" />
		<property name="auditdate2_4_6" type="com.liferay.portal.dao.orm.hibernate.StringType" />
		<property name="auditdateNote2_4_6" type="com.liferay.portal.dao.orm.hibernate.StringType" />
		<property name="auditdate3_1" type="com.liferay.portal.dao.orm.hibernate.StringType" />
		<property name="auditdate3_2" type="com.liferay.portal.dao.orm.hibernate.StringType" />
		<property name="auditdate3_3" type="com.liferay.portal.dao.orm.hibernate.StringType" />
		<property name="auditdate3_4" type="com.liferay.portal.dao.orm.hibernate.StringType" />
		<property name="auditdate3_5" type="com.liferay.portal.dao.orm.hibernate.StringType" />
		<property name="auditdate3_6" type="com.liferay.portal.dao.orm.hibernate.StringType" />
		<property name="auditdateNote3_1" type="com.liferay.portal.dao.orm.hibernate.StringType" />
		<property name="auditdateNote3_2" type="com.liferay.portal.dao.orm.hibernate.StringType" />
		<property name="auditdateNote3_3" type="com.liferay.portal.dao.orm.hibernate.StringType" />
		<property name="auditdateNote3_4" type="com.liferay.portal.dao.orm.hibernate.StringType" />
		<property name="auditdateNote3_5" type="com.liferay.portal.dao.orm.hibernate.StringType" />
		<property name="auditdateNote3_6" type="com.liferay.portal.dao.orm.hibernate.StringType" />
		<property name="auditdate4_1" type="com.liferay.portal.dao.orm.hibernate.StringType" />
		<property name="auditdate4_2" type="com.liferay.portal.dao.orm.hibernate.StringType" />
		<property name="auditdate4_3" type="com.liferay.portal.dao.orm.hibernate.StringType" />
		<property name="auditdateNote4_1" type="com.liferay.portal.dao.orm.hibernate.StringType" />
		<property name="auditdateNote4_2" type="com.liferay.portal.dao.orm.hibernate.StringType" />
		<property name="auditdateNote4_3" type="com.liferay.portal.dao.orm.hibernate.StringType" />
		<property name="auditdate5_1" type="com.liferay.portal.dao.orm.hibernate.StringType" />
		<property name="auditdate5_2" type="com.liferay.portal.dao.orm.hibernate.StringType" />
		<property name="auditdate5_3" type="com.liferay.portal.dao.orm.hibernate.StringType" />
		<property name="auditdate5_4" type="com.liferay.portal.dao.orm.hibernate.StringType" />
		<property name="auditdate5_5" type="com.liferay.portal.dao.orm.hibernate.StringType" />
		<property name="auditdate5_6" type="com.liferay.portal.dao.orm.hibernate.StringType" />
		<property name="auditdate5_7" type="com.liferay.portal.dao.orm.hibernate.StringType" />
		<property name="auditdate5_8" type="com.liferay.portal.dao.orm.hibernate.StringType" />
		<property name="auditdateNote5_1" type="com.liferay.portal.dao.orm.hibernate.StringType" />
		<property name="auditdateNote5_2" type="com.liferay.portal.dao.orm.hibernate.StringType" />
		<property name="auditdateNote5_3" type="com.liferay.portal.dao.orm.hibernate.StringType" />
		<property name="auditdateNote5_4" type="com.liferay.portal.dao.orm.hibernate.StringType" />
		<property name="auditdateNote5_5" type="com.liferay.portal.dao.orm.hibernate.StringType" />
		<property name="auditdateNote5_6" type="com.liferay.portal.dao.orm.hibernate.StringType" />
		<property name="auditdateNote5_7" type="com.liferay.portal.dao.orm.hibernate.StringType" />
		<property name="auditdateNote5_8" type="com.liferay.portal.dao.orm.hibernate.StringType" />
	</class>
	<class name="com.spad.icop.model.impl.EmployeeAuditImpl" table="icop_EmployeeAudit">
		<cache usage="read-write" />
		<id name="aditid" type="long">
			<generator class="assigned" />
		</id>
		<property name="dateonroad" type="com.liferay.portal.dao.orm.hibernate.StringType" />
		<property name="dateofincident" type="com.liferay.portal.dao.orm.hibernate.StringType" />
		<property name="timeevent" type="com.liferay.portal.dao.orm.hibernate.StringType" />
		<property name="titleinvestigation" type="com.liferay.portal.dao.orm.hibernate.StringType" />
		<property name="typeofvehicle" type="com.liferay.portal.dao.orm.hibernate.StringType" />
		<property name="noregistration" type="com.liferay.portal.dao.orm.hibernate.StringType" />
		<property name="company" type="com.liferay.portal.dao.orm.hibernate.StringType" />
		<property name="reportsKjr" type="com.liferay.portal.dao.orm.hibernate.StringType" />
		<property name="reportscmd" type="com.liferay.portal.dao.orm.hibernate.StringType" />
		<property name="srustatus" type="com.liferay.portal.dao.orm.hibernate.StringType" />
		<property name="completedStatus" type="com.liferay.portal.dao.orm.hibernate.StringType" />
		<property name="audidate" type="com.liferay.portal.dao.orm.hibernate.StringType" />
		<property name="auditime" type="com.liferay.portal.dao.orm.hibernate.StringType" />
		<property name="statusofadudit" type="com.liferay.portal.dao.orm.hibernate.StringType" />
		<property name="completeddate" type="com.liferay.portal.dao.orm.hibernate.StringType" />
		<property name="addresss" type="com.liferay.portal.dao.orm.hibernate.StringType" />
		<property name="locationofincident" type="com.liferay.portal.dao.orm.hibernate.StringType" />
		<property name="trainingattendance" type="com.liferay.portal.dao.orm.hibernate.StringType" />
		<property name="auditaccidents" type="com.liferay.portal.dao.orm.hibernate.StringType" />
		<property name="typecertificate" type="com.liferay.portal.dao.orm.hibernate.StringType" />
		<property name="dateofregistration" type="com.liferay.portal.dao.orm.hibernate.StringType" />
		<property name="trainingdates" type="com.liferay.portal.dao.orm.hibernate.StringType" />
		<property name="enddate" type="com.liferay.portal.dao.orm.hibernate.StringType" />
		<property name="typemod" type="com.liferay.portal.dao.orm.hibernate.StringType" />
		<property name="typeoflicens" type="com.liferay.portal.dao.orm.hibernate.StringType" />
		<property name="typeofcompany" type="com.liferay.portal.dao.orm.hibernate.StringType" />
		<property name="phoneno" type="com.liferay.portal.dao.orm.hibernate.StringType" />
		<property name="status" type="com.liferay.portal.dao.orm.hibernate.StringType" />
		<property name="appendixg" type="com.liferay.portal.dao.orm.hibernate.StringType" />
		<property name="dateCaseSrU" type="com.liferay.portal.dao.orm.hibernate.StringType" />
		<property name="actionSru" type="com.liferay.portal.dao.orm.hibernate.StringType" />
		<property name="officerName" type="com.liferay.portal.dao.orm.hibernate.StringType" />
		<property name="vehiclesNo" type="com.liferay.portal.dao.orm.hibernate.StringType" />
		<property name="companyEmail" type="com.liferay.portal.dao.orm.hibernate.StringType" />
		<property name="representativeName" type="com.liferay.portal.dao.orm.hibernate.StringType" />
		<property name="companieListNumber" type="com.liferay.portal.dao.orm.hibernate.StringType" />
	</class>
	<class name="com.spad.icop.model.impl.LogWorkImpl" table="icop_LogWork">
		<cache usage="read-write" />
		<id name="logworkId" type="long">
			<generator class="assigned" />
		</id>
		<property name="user" type="com.liferay.portal.dao.orm.hibernate.StringType" />
		<property name="time" type="com.liferay.portal.dao.orm.hibernate.StringType" column="time_" />
		<property name="detail" type="com.liferay.portal.dao.orm.hibernate.StringType" />
		<property name="chronicle" type="com.liferay.portal.dao.orm.hibernate.StringType" />
	</class>
	<class name="com.spad.icop.model.impl.TrainingCertificationImpl" table="icop_TrainingCertification">
		<cache usage="read-write" />
		<id name="trainingCertifiId" type="long">
			<generator class="assigned" />
		</id>
		<property name="aditid" type="com.liferay.portal.dao.orm.hibernate.LongType" />
		<property name="trainingDates" type="com.liferay.portal.dao.orm.hibernate.StringType" />
		<property name="exerciseName" type="com.liferay.portal.dao.orm.hibernate.StringType" />
		<property name="pointsExercise" type="com.liferay.portal.dao.orm.hibernate.StringType" />
		<property name="nameOfficer" type="com.liferay.portal.dao.orm.hibernate.StringType" />
		<property name="number" type="com.liferay.portal.dao.orm.hibernate.StringType" column="number_" />
		<property name="statusExercise" type="com.liferay.portal.dao.orm.hibernate.StringType" />
		<property name="statusMoulds" type="com.liferay.portal.dao.orm.hibernate.StringType" />
		<property name="companyName" type="com.liferay.portal.dao.orm.hibernate.StringType" />
		<property name="address" type="com.liferay.portal.dao.orm.hibernate.StringType" />
		<property name="email" type="com.liferay.portal.dao.orm.hibernate.StringType" />
		<property name="operatorName" type="com.liferay.portal.dao.orm.hibernate.StringType" />
		<property name="typeVehicle" type="com.liferay.portal.dao.orm.hibernate.StringType" />
		<property name="noVehicles" type="com.liferay.portal.dao.orm.hibernate.StringType" />
	</class>
</hibernate-mapping>