<?xml version="1.0"?>

<entity-mappings xmlns="http://java.sun.com/xml/ns/persistence/orm" xmlns:xsi="http://www.w3.org/2001/XMLSchema-instance" version="1.0" xsi:schemaLocation="http://java.sun.com/xml/ns/persistence/orm http://java.sun.com/xml/ns/persistence/orm_1_0.xsd">
	<persistence-unit-metadata>
		<xml-mapping-metadata-complete/>
		<persistence-unit-defaults>
			<access>PROPERTY</access>
		</persistence-unit-defaults>
	</persistence-unit-metadata>
	<mapped-superclass class="com.spad.icop.model.impl.AppointmentCallModelImpl">
		<attributes>
			<id name="recordcallid" />
			<basic name="aditid" />
			<basic name="dateonroadsafty" />
			<basic name="time">
				<column name="TIME_" />
			</basic>
			<basic name="investigationtitle" />
			<basic name="location" />
			<basic name="company" />
			<basic name="statusverification" />
			<basic name="operatorname" />
			<basic name="nameofOfficer" />
			<transient name="modelAttributes" />
			<transient name="primaryKey" />
			<transient name="primaryKeyObj" />
		</attributes>
	</mapped-superclass>
	<mapped-superclass class="com.spad.icop.model.impl.CompilanceCheckModelImpl">
		<attributes>
			<id name="compilanceCheckid" />
			<basic name="aditid" />
			<basic name="company" />
			<basic name="audidate" />
			<basic name="completedStatus" />
			<basic name="auditPercentage" />
			<basic name="questionSafetyOne" />
			<basic name="questionSafetyTwo" />
			<basic name="questionSafetyThree" />
			<basic name="questionSafetFour" />
			<basic name="questionSafetFive" />
			<basic name="questionSafetSix" />
			<basic name="questionSafetySeven" />
			<basic name="questionNoteOne" />
			<basic name="questionNoteTwo" />
			<basic name="questionNoteThree" />
			<basic name="questionNoteFour" />
			<basic name="questionNoteFive" />
			<basic name="questionNoteSix" />
			<basic name="questionNoteSeven" />
			<basic name="questionVehicalOne" />
			<basic name="questionVehicalTwo" />
			<basic name="questionVehicalThree" />
			<basic name="questionVehicalFour" />
			<basic name="questionVehicalFive" />
			<basic name="questionVehicalSix" />
			<basic name="questionVehicalSeven" />
			<basic name="questionVehicalNoteOne" />
			<basic name="questionVehicalNoteTwo" />
			<basic name="questionVehicalNoteThree" />
			<basic name="questionVehicalNoteFour" />
			<basic name="questionVehicalNoteFive" />
			<basic name="questionVehicalNoteSix" />
			<basic name="questionVehicalNoteSeven" />
			<basic name="questionManageOne" />
			<basic name="questionManageTwo" />
			<basic name="questionManageThree" />
			<basic name="questionManageFour" />
			<basic name="questionManageFive" />
			<basic name="questionManageSix" />
			<basic name="questionManageSeven" />
			<basic name="questionManageNoteOne" />
			<basic name="questionManageNoteTwo" />
			<basic name="questionManageNoteThree" />
			<basic name="questionManageNoteFour" />
			<basic name="questionManageNoteFive" />
			<basic name="questionManageNoteSix" />
			<basic name="questionRecordsOne" />
			<basic name="questionRecordsTwo" />
			<basic name="questionRecordsThree" />
			<basic name="questionRecordsNoteOne" />
			<basic name="questionRecordsNoteTwo" />
			<basic name="questionRecordsNoteThree" />
			<basic name="questionReskOne" />
			<basic name="questionReskTwo" />
			<basic name="questionReskThree" />
			<basic name="questionReskFour" />
			<basic name="questionReskFive" />
			<basic name="questionReskSix" />
			<basic name="questionReskSeven" />
			<basic name="questionReskEight" />
			<basic name="questionReskNoteOne" />
			<basic name="questionReskNoteTwo" />
			<basic name="questionReskNoteThree" />
			<basic name="questionReskNoteFour" />
			<basic name="questionReskNoteFive" />
			<basic name="questionReskNoteSix" />
			<basic name="questionReskNoteSeven" />
			<basic name="questionReskNoteEight" />
			<basic name="notcomplied" />
			<basic name="record" />
			<transient name="modelAttributes" />
			<transient name="primaryKey" />
			<transient name="primaryKeyObj" />
		</attributes>
	</mapped-superclass>
	<mapped-superclass class="com.spad.icop.model.impl.ComplainCheckAuditModelImpl">
		<attributes>
			<id name="matterId" />
			<basic name="aditid" />
			<basic name="auditdate1_1" />
			<basic name="auditdateNote1_1" />
			<basic name="auditdate1_2" />
			<basic name="auditdateNote1_2" />
			<basic name="auditdate1_3" />
			<basic name="auditdateNote1_3" />
			<basic name="auditdate1_4" />
			<basic name="auditdateNote1_4" />
			<basic name="auditdate1_5" />
			<basic name="auditdateNote1_5" />
			<basic name="auditdate1_6" />
			<basic name="auditdateNote1_6" />
			<basic name="auditdate1_7" />
			<basic name="auditdateNote1_7" />
			<basic name="auditdate2_1" />
			<basic name="auditdateNote2_1" />
			<basic name="auditdate2_2" />
			<basic name="auditdateNote2_2" />
			<basic name="auditdate2_3" />
			<basic name="auditdateNote2_3" />
			<basic name="auditdate2_4" />
			<basic name="auditdateNote2_4" />
			<basic name="auditdate2_4_1" />
			<basic name="auditdateNote2_4_1" />
			<basic name="auditdate2_4_2" />
			<basic name="auditdateNote2_4_2" />
			<basic name="auditdate2_4_3" />
			<basic name="auditdateNote2_4_3" />
			<basic name="auditdate2_4_4" />
			<basic name="auditdateNote2_4_4" />
			<basic name="auditdate2_4_5" />
			<basic name="auditdateNote2_4_5" />
			<basic name="auditdate2_4_6" />
			<basic name="auditdateNote2_4_6" />
			<basic name="auditdate3_1" />
			<basic name="auditdate3_2" />
			<basic name="auditdate3_3" />
			<basic name="auditdate3_4" />
			<basic name="auditdate3_5" />
			<basic name="auditdate3_6" />
			<basic name="auditdateNote3_1" />
			<basic name="auditdateNote3_2" />
			<basic name="auditdateNote3_3" />
			<basic name="auditdateNote3_4" />
			<basic name="auditdateNote3_5" />
			<basic name="auditdateNote3_6" />
			<basic name="auditdate4_1" />
			<basic name="auditdate4_2" />
			<basic name="auditdate4_3" />
			<basic name="auditdateNote4_1" />
			<basic name="auditdateNote4_2" />
			<basic name="auditdateNote4_3" />
			<basic name="auditdate5_1" />
			<basic name="auditdate5_2" />
			<basic name="auditdate5_3" />
			<basic name="auditdate5_4" />
			<basic name="auditdate5_5" />
			<basic name="auditdate5_6" />
			<basic name="auditdate5_7" />
			<basic name="auditdate5_8" />
			<basic name="auditdateNote5_1" />
			<basic name="auditdateNote5_2" />
			<basic name="auditdateNote5_3" />
			<basic name="auditdateNote5_4" />
			<basic name="auditdateNote5_5" />
			<basic name="auditdateNote5_6" />
			<basic name="auditdateNote5_7" />
			<basic name="auditdateNote5_8" />
			<transient name="modelAttributes" />
			<transient name="primaryKey" />
			<transient name="primaryKeyObj" />
		</attributes>
	</mapped-superclass>
	<mapped-superclass class="com.spad.icop.model.impl.EmployeeAuditModelImpl">
		<attributes>
			<id name="aditid" />
			<basic name="dateonroad" />
			<basic name="dateofincident" />
			<basic name="timeevent" />
			<basic name="titleinvestigation" />
			<basic name="typeofvehicle" />
			<basic name="noregistration" />
			<basic name="company" />
			<basic name="reportsKjr" />
			<basic name="reportscmd" />
			<basic name="srustatus" />
			<basic name="completedStatus" />
			<basic name="audidate" />
			<basic name="auditime" />
			<basic name="statusofadudit" />
			<basic name="completeddate" />
			<basic name="addresss" />
			<basic name="locationofincident" />
			<basic name="trainingattendance" />
			<basic name="auditaccidents" />
			<basic name="typecertificate" />
			<basic name="dateofregistration" />
			<basic name="trainingdates" />
			<basic name="enddate" />
			<basic name="typemod" />
			<basic name="typeoflicens" />
			<basic name="typeofcompany" />
			<basic name="phoneno" />
			<basic name="status" />
			<basic name="appendixg" />
			<basic name="dateCaseSrU" />
			<basic name="actionSru" />
			<basic name="officerName" />
			<basic name="vehiclesNo" />
			<basic name="companyEmail" />
			<basic name="representativeName" />
			<basic name="companieListNumber" />
			<transient name="modelAttributes" />
			<transient name="primaryKey" />
			<transient name="primaryKeyObj" />
		</attributes>
	</mapped-superclass>
	<mapped-superclass class="com.spad.icop.model.impl.LogWorkModelImpl">
		<attributes>
			<id name="logworkId" />
			<basic name="user" />
			<basic name="time">
				<column name="TIME_" />
			</basic>
			<basic name="detail" />
			<basic name="chronicle" />
			<transient name="modelAttributes" />
			<transient name="primaryKey" />
			<transient name="primaryKeyObj" />
		</attributes>
	</mapped-superclass>
	<mapped-superclass class="com.spad.icop.model.impl.TrainingCertificationModelImpl">
		<attributes>
			<id name="trainingCertifiId" />
			<basic name="aditid" />
			<basic name="trainingDates" />
			<basic name="exerciseName" />
			<basic name="pointsExercise" />
			<basic name="nameOfficer" />
			<basic name="number">
				<column name="NUMBER_" />
			</basic>
			<basic name="statusExercise" />
			<basic name="statusMoulds" />
			<basic name="companyName" />
			<basic name="address" />
			<basic name="email" />
			<basic name="operatorName" />
			<basic name="typeVehicle" />
			<basic name="noVehicles" />
			<transient name="modelAttributes" />
			<transient name="primaryKey" />
			<transient name="primaryKeyObj" />
		</attributes>
	</mapped-superclass>
	<entity class="com.spad.icop.model.impl.AppointmentCallImpl" name="AppointmentCall">
		<table name="icop_AppointmentCall" />
		<attributes />
	</entity>
	<entity class="com.spad.icop.model.impl.CompilanceCheckImpl" name="CompilanceCheck">
		<table name="icop_CompilanceCheck" />
		<attributes />
	</entity>
	<entity class="com.spad.icop.model.impl.ComplainCheckAuditImpl" name="ComplainCheckAudit">
		<table name="icop_ComplainCheckAudit" />
		<attributes />
	</entity>
	<entity class="com.spad.icop.model.impl.EmployeeAuditImpl" name="EmployeeAudit">
		<table name="icop_EmployeeAudit" />
		<attributes />
	</entity>
	<entity class="com.spad.icop.model.impl.LogWorkImpl" name="LogWork">
		<table name="icop_LogWork" />
		<attributes />
	</entity>
	<entity class="com.spad.icop.model.impl.TrainingCertificationImpl" name="TrainingCertification">
		<table name="icop_TrainingCertification" />
		<attributes />
	</entity>
</entity-mappings>