<?xml version="1.0"?>

<beans xmlns="http://www.springframework.org/schema/beans" xmlns:xsi="http://www.w3.org/2001/XMLSchema-instance" default-destroy-method="destroy" default-init-method="afterPropertiesSet" xsi:schemaLocation="http://www.springframework.org/schema/beans http://www.springframework.org/schema/beans/spring-beans-3.0.xsd">
	<bean id="com.spad.icop.service.AppointmentCallLocalService" class="com.spad.icop.service.impl.AppointmentCallLocalServiceImpl" />
	<bean id="com.spad.icop.service.AppointmentCallService" class="com.spad.icop.service.impl.AppointmentCallServiceImpl" />
	<bean id="com.spad.icop.service.persistence.AppointmentCallPersistence" class="com.spad.icop.service.persistence.AppointmentCallPersistenceImpl" parent="basePersistence" />
	<bean id="com.spad.icop.service.CompilanceCheckLocalService" class="com.spad.icop.service.impl.CompilanceCheckLocalServiceImpl" />
	<bean id="com.spad.icop.service.CompilanceCheckService" class="com.spad.icop.service.impl.CompilanceCheckServiceImpl" />
	<bean id="com.spad.icop.service.persistence.CompilanceCheckPersistence" class="com.spad.icop.service.persistence.CompilanceCheckPersistenceImpl" parent="basePersistence" />
	<bean id="com.spad.icop.service.ComplainCheckAuditLocalService" class="com.spad.icop.service.impl.ComplainCheckAuditLocalServiceImpl" />
	<bean id="com.spad.icop.service.ComplainCheckAuditService" class="com.spad.icop.service.impl.ComplainCheckAuditServiceImpl" />
	<bean id="com.spad.icop.service.persistence.ComplainCheckAuditPersistence" class="com.spad.icop.service.persistence.ComplainCheckAuditPersistenceImpl" parent="basePersistence" />
	<bean id="com.spad.icop.service.EmployeeAuditLocalService" class="com.spad.icop.service.impl.EmployeeAuditLocalServiceImpl" />
	<bean id="com.spad.icop.service.EmployeeAuditService" class="com.spad.icop.service.impl.EmployeeAuditServiceImpl" />
	<bean id="com.spad.icop.service.persistence.EmployeeAuditPersistence" class="com.spad.icop.service.persistence.EmployeeAuditPersistenceImpl" parent="basePersistence" />
	<bean id="com.spad.icop.service.LogWorkLocalService" class="com.spad.icop.service.impl.LogWorkLocalServiceImpl" />
	<bean id="com.spad.icop.service.LogWorkService" class="com.spad.icop.service.impl.LogWorkServiceImpl" />
	<bean id="com.spad.icop.service.persistence.LogWorkPersistence" class="com.spad.icop.service.persistence.LogWorkPersistenceImpl" parent="basePersistence" />
	<bean id="com.spad.icop.service.TrainingCertificationLocalService" class="com.spad.icop.service.impl.TrainingCertificationLocalServiceImpl" />
	<bean id="com.spad.icop.service.TrainingCertificationService" class="com.spad.icop.service.impl.TrainingCertificationServiceImpl" />
	<bean id="com.spad.icop.service.persistence.TrainingCertificationPersistence" class="com.spad.icop.service.persistence.TrainingCertificationPersistenceImpl" parent="basePersistence" />
</beans>