<?xml version="1.0"?>

<model-hints>
	<model name="com.spad.icop.model.AppointmentCall">
		<field name="recordcallid" type="long" />
		<field name="aditid" type="long" />
		<field name="dateonroadsafty" type="String" />
		<field name="time" type="String" />
		<field name="investigationtitle" type="String" />
		<field name="location" type="String" />
		<field name="company" type="String" />
		<field name="statusverification" type="String" />
		<field name="operatorname" type="String" />
		<field name="nameofOfficer" type="String" />
	</model>
	<model name="com.spad.icop.model.CompilanceCheck">
		<field name="compilanceCheckid" type="long" />
		<field name="aditid" type="long" />
		<field name="company" type="String" />
		<field name="audidate" type="String" />
		<field name="completedStatus" type="String" />
		<field name="auditPercentage" type="String" />
		<field name="questionSafetyOne" type="String" />
		<field name="questionSafetyTwo" type="String" />
		<field name="questionSafetyThree" type="String" />
		<field name="questionSafetFour" type="String" />
		<field name="questionSafetFive" type="String" />
		<field name="questionSafetSix" type="String" />
		<field name="questionSafetySeven" type="String" />
		<field name="questionNoteOne" type="String" />
		<field name="questionNoteTwo" type="String" />
		<field name="questionNoteThree" type="String" />
		<field name="questionNoteFour" type="String" />
		<field name="questionNoteFive" type="String" />
		<field name="questionNoteSix" type="String" />
		<field name="questionNoteSeven" type="String" />
		<field name="questionVehicalOne" type="String" />
		<field name="questionVehicalTwo" type="String" />
		<field name="questionVehicalThree" type="String" />
		<field name="questionVehicalFour" type="String" />
		<field name="questionVehicalFive" type="String" />
		<field name="questionVehicalSix" type="String" />
		<field name="questionVehicalSeven" type="String" />
		<field name="questionVehicalNoteOne" type="String" />
		<field name="questionVehicalNoteTwo" type="String" />
		<field name="questionVehicalNoteThree" type="String" />
		<field name="questionVehicalNoteFour" type="String" />
		<field name="questionVehicalNoteFive" type="String" />
		<field name="questionVehicalNoteSix" type="String" />
		<field name="questionVehicalNoteSeven" type="String" />
		<field name="questionManageOne" type="String" />
		<field name="questionManageTwo" type="String" />
		<field name="questionManageThree" type="String" />
		<field name="questionManageFour" type="String" />
		<field name="questionManageFive" type="String" />
		<field name="questionManageSix" type="String" />
		<field name="questionManageSeven" type="String" />
		<field name="questionManageNoteOne" type="String" />
		<field name="questionManageNoteTwo" type="String" />
		<field name="questionManageNoteThree" type="String" />
		<field name="questionManageNoteFour" type="String" />
		<field name="questionManageNoteFive" type="String" />
		<field name="questionManageNoteSix" type="String" />
		<field name="questionRecordsOne" type="String" />
		<field name="questionRecordsTwo" type="String" />
		<field name="questionRecordsThree" type="String" />
		<field name="questionRecordsNoteOne" type="String" />
		<field name="questionRecordsNoteTwo" type="String" />
		<field name="questionRecordsNoteThree" type="String" />
		<field name="questionReskOne" type="String" />
		<field name="questionReskTwo" type="String" />
		<field name="questionReskThree" type="String" />
		<field name="questionReskFour" type="String" />
		<field name="questionReskFive" type="String" />
		<field name="questionReskSix" type="String" />
		<field name="questionReskSeven" type="String" />
		<field name="questionReskEight" type="String" />
		<field name="questionReskNoteOne" type="String" />
		<field name="questionReskNoteTwo" type="String" />
		<field name="questionReskNoteThree" type="String" />
		<field name="questionReskNoteFour" type="String" />
		<field name="questionReskNoteFive" type="String" />
		<field name="questionReskNoteSix" type="String" />
		<field name="questionReskNoteSeven" type="String" />
		<field name="questionReskNoteEight" type="String" />
		<field name="notcomplied" type="String" />
		<field name="record" type="String" />
	</model>
	<model name="com.spad.icop.model.ComplainCheckAudit">
		<field name="matterId" type="long" />
		<field name="aditid" type="long" />
		<field name="auditdate1_1" type="String" />
		<field name="auditdateNote1_1" type="String" />
		<field name="auditdate1_2" type="String" />
		<field name="auditdateNote1_2" type="String" />
		<field name="auditdate1_3" type="String" />
		<field name="auditdateNote1_3" type="String" />
		<field name="auditdate1_4" type="String" />
		<field name="auditdateNote1_4" type="String" />
		<field name="auditdate1_5" type="String" />
		<field name="auditdateNote1_5" type="String" />
		<field name="auditdate1_6" type="String" />
		<field name="auditdateNote1_6" type="String" />
		<field name="auditdate1_7" type="String" />
		<field name="auditdateNote1_7" type="String" />
		<field name="auditdate2_1" type="String" />
		<field name="auditdateNote2_1" type="String" />
		<field name="auditdate2_2" type="String" />
		<field name="auditdateNote2_2" type="String" />
		<field name="auditdate2_3" type="String" />
		<field name="auditdateNote2_3" type="String" />
		<field name="auditdate2_4" type="String" />
		<field name="auditdateNote2_4" type="String" />
		<field name="auditdate2_4_1" type="String" />
		<field name="auditdateNote2_4_1" type="String" />
		<field name="auditdate2_4_2" type="String" />
		<field name="auditdateNote2_4_2" type="String" />
		<field name="auditdate2_4_3" type="String" />
		<field name="auditdateNote2_4_3" type="String" />
		<field name="auditdate2_4_4" type="String" />
		<field name="auditdateNote2_4_4" type="String" />
		<field name="auditdate2_4_5" type="String" />
		<field name="auditdateNote2_4_5" type="String" />
		<field name="auditdate2_4_6" type="String" />
		<field name="auditdateNote2_4_6" type="String" />
		<field name="auditdate3_1" type="String" />
		<field name="auditdate3_2" type="String" />
		<field name="auditdate3_3" type="String" />
		<field name="auditdate3_4" type="String" />
		<field name="auditdate3_5" type="String" />
		<field name="auditdate3_6" type="String" />
		<field name="auditdateNote3_1" type="String" />
		<field name="auditdateNote3_2" type="String" />
		<field name="auditdateNote3_3" type="String" />
		<field name="auditdateNote3_4" type="String" />
		<field name="auditdateNote3_5" type="String" />
		<field name="auditdateNote3_6" type="String" />
		<field name="auditdate4_1" type="String" />
		<field name="auditdate4_2" type="String" />
		<field name="auditdate4_3" type="String" />
		<field name="auditdateNote4_1" type="String" />
		<field name="auditdateNote4_2" type="String" />
		<field name="auditdateNote4_3" type="String" />
		<field name="auditdate5_1" type="String" />
		<field name="auditdate5_2" type="String" />
		<field name="auditdate5_3" type="String" />
		<field name="auditdate5_4" type="String" />
		<field name="auditdate5_5" type="String" />
		<field name="auditdate5_6" type="String" />
		<field name="auditdate5_7" type="String" />
		<field name="auditdate5_8" type="String" />
		<field name="auditdateNote5_1" type="String" />
		<field name="auditdateNote5_2" type="String" />
		<field name="auditdateNote5_3" type="String" />
		<field name="auditdateNote5_4" type="String" />
		<field name="auditdateNote5_5" type="String" />
		<field name="auditdateNote5_6" type="String" />
		<field name="auditdateNote5_7" type="String" />
		<field name="auditdateNote5_8" type="String" />
	</model>
	<model name="com.spad.icop.model.EmployeeAudit">
		<field name="aditid" type="long" />
		<field name="dateonroad" type="String" />
		<field name="dateofincident" type="String" />
		<field name="timeevent" type="String" />
		<field name="titleinvestigation" type="String" />
		<field name="typeofvehicle" type="String" />
		<field name="noregistration" type="String" />
		<field name="company" type="String" />
		<field name="reportsKjr" type="String" />
		<field name="reportscmd" type="String" />
		<field name="srustatus" type="String" />
		<field name="completedStatus" type="String" />
		<field name="audidate" type="String" />
		<field name="auditime" type="String" />
		<field name="statusofadudit" type="String" />
		<field name="completeddate" type="String" />
		<field name="addresss" type="String" />
		<field name="locationofincident" type="String" />
		<field name="trainingattendance" type="String" />
		<field name="auditaccidents" type="String" />
		<field name="typecertificate" type="String" />
		<field name="dateofregistration" type="String" />
		<field name="trainingdates" type="String" />
		<field name="enddate" type="String" />
		<field name="typemod" type="String" />
		<field name="typeoflicens" type="String" />
		<field name="typeofcompany" type="String" />
		<field name="phoneno" type="String" />
		<field name="status" type="String" />
		<field name="appendixg" type="String" />
		<field name="dateCaseSrU" type="String" />
		<field name="actionSru" type="String" />
		<field name="officerName" type="String" />
		<field name="vehiclesNo" type="String" />
		<field name="companyEmail" type="String" />
		<field name="representativeName" type="String" />
		<field name="companieListNumber" type="String" />
	</model>
	<model name="com.spad.icop.model.LogWork">
		<field name="logworkId" type="long" />
		<field name="user" type="String" />
		<field name="time" type="String" />
		<field name="detail" type="String" />
		<field name="chronicle" type="String" />
	</model>
	<model name="com.spad.icop.model.TrainingCertification">
		<field name="trainingCertifiId" type="long" />
		<field name="aditid" type="long" />
		<field name="trainingDates" type="String" />
		<field name="exerciseName" type="String" />
		<field name="pointsExercise" type="String" />
		<field name="nameOfficer" type="String" />
		<field name="number" type="String" />
		<field name="statusExercise" type="String" />
		<field name="statusMoulds" type="String" />
		<field name="companyName" type="String" />
		<field name="address" type="String" />
		<field name="email" type="String" />
		<field name="operatorName" type="String" />
		<field name="typeVehicle" type="String" />
		<field name="noVehicles" type="String" />
	</model>
</model-hints>