<?xml version="1.0" encoding="UTF-8"?>
<!DOCTYPE service-builder PUBLIC "-//Liferay//DTD Service Builder 6.2.0//EN" "http://www.liferay.com/dtd/liferay-service-builder_6_2_0.dtd">
<service-builder package-path="com.spad.icop">
	<author>reeshu</author>
	<namespace>icop</namespace>


	<entity name="EmployeeAudit" local-service="true" remote-service="true">
 
		<column name="aditid" type="long" primary="true" />

		<column name="dateonroad" type="String"/>
		<column name="dateofincident" type="String"/>
		<column name="timeevent" type="String"/>
		<column name="titleinvestigation" type="String"/>
		<column name="typeofvehicle" type="String"/>
		<column name="noregistration" type="String"/>
		<column name="company" type="String"/>
		<column name="reportsKjr" type="String"/>
		<column name="reportscmd" type="String"/>
		<column name="srustatus" type="String"/>
		<column name="completedStatus" type="String"/>
		
		<column name="audidate" type="String" />
		<column name="auditime" type="String" />
		<column name="statusofadudit" type="String" />
		<column name="completeddate" type="String" />
		<column name="addresss" type="String" />
		<column name="locationofincident" type="String"/> 
		<column name="trainingattendance" type="String"/>
		<column name="auditaccidents" type="String"/>
		
		<column name="typecertificate" type="String"/>
		<column name="dateofregistration" type="String"/>
		<column name="trainingdates" type="String"/>
		<column name="enddate" type="String"/>
		<column name="typemod" type="String"/>
		<column name="typeoflicens" type="String"/>
		<column name="typeofcompany" type="String"/>
		<column name="phoneno" type="String"/>
		<column name="status" type="String"/>
		<column name="appendixg" type="String"/>
		<column name="dateCaseSrU" type="String"/>
		<column name="actionSru" type="String"/>
		<column name="officerName" type="String"/>
		<column name="vehiclesNo" type="String"/>
		<column name="companyEmail" type="String"/>
		
		<column name="representativeName" type="String"/>
		<column name="companieListNumber" type="String"/>
	
		
		
		<order by="asc">
			<order-column name="aditid"/>
		</order>

	</entity>  

	<entity name="AppointmentCall" local-service="true" remote-service="true">
 		
 		<column name="recordcallid" type="long" primary="true"  />
		<column name="aditid" type="long" />
		<column name="dateonroadsafty" type="String"/>
		<column name="time" type="String"/>
		<column name="investigationtitle" type="String"/>
		<column name="location" type="String"/>
		<column name="company" type="String"/>
		<column name="statusverification" type="String"/>
		<column name="operatorname" type="String"/>
		<column name="nameofOfficer" type="String"/>
		
		<order by="asc">
			<order-column name="recordcallid"/>
		</order>

	</entity>  
	
	
	<entity name="TrainingCertification" local-service="true" remote-service="true">
 		
 		<column name="trainingCertifiId" type="long" primary="true"/>
		<column name="aditid" type="long"/>
		<column name="trainingDates" type="String" />
		<column name="exerciseName" type="String" />
		<column name="pointsExercise" type="String" />
		<column name="nameOfficer" type="String" />
		<column name="number" type="String" />
		<column name="statusExercise" type="String" />
		<column name="statusMoulds" type="String" />


		<column name="companyName" type="String"/>
		<column name="address" type="String" />
		<column name="email" type="String" />
		<column name="operatorName" type="String" />
		<column name="typeVehicle" type="String" />
		<column name="noVehicles" type="String" />
		
		<order by="asc">
			<order-column name="trainingCertifiId"/>
		</order>
		
		<finder name="aditid" return-type="Collection">
			<finder-column name="aditid"/>
		</finder>
		
	</entity>  
	
	<entity name="CompilanceCheck" local-service="true" remote-service="true">
 		
 		<column name="compilanceCheckid" type="long"  primary="true" />
		<column name="aditid" type="long"/>
		<column name="company" type="String"/>
		<column name="audidate" type="String" />
		<column name="completedStatus" type="String"/>
		<column name="auditPercentage" type="String"/>
		
		<!-- 	SAFETY LEADERSHIP  -->
		
		<column name="questionSafetyOne" type="String"/>
		<column name="questionSafetyTwo" type="String"/>
		<column name="questionSafetyThree" type="String"/>
		<column name="questionSafetFour" type="String"/>
		<column name="questionSafetFive" type="String"/>
		<column name="questionSafetSix" type="String"/>
		<column name="questionSafetySeven" type="String"/>
		
        <column name="questionNoteOne" type="String"/>
		<column name="questionNoteTwo" type="String"/>
		<column name="questionNoteThree" type="String"/>
		<column name="questionNoteFour" type="String"/>
		<column name="questionNoteFive" type="String"/>
		<column name="questionNoteSix" type="String"/>
		<column name="questionNoteSeven" type="String"/> 
		
		<!-- 		VEHICLE MANAGEMENT GUIDE  -->
		
		<column name="questionVehicalOne" type="String"/>
		<column name="questionVehicalTwo" type="String"/>
		<column name="questionVehicalThree" type="String"/>
		<column name="questionVehicalFour" type="String"/>
		<column name="questionVehicalFive" type="String"/>
		<column name="questionVehicalSix" type="String"/>
		<column name="questionVehicalSeven" type="String"/>
		
		<column name="questionVehicalNoteOne" type="String"/>
		<column name="questionVehicalNoteTwo" type="String"/>
		<column name="questionVehicalNoteThree" type="String"/>
		<column name="questionVehicalNoteFour" type="String"/>
		<column name="questionVehicalNoteFive" type="String"/>
		<column name="questionVehicalNoteSix" type="String"/>
		<column name="questionVehicalNoteSeven" type="String"/>
		
	<!-- 	MANAGEMENT GUIDE    -->	
 		
		<column name="questionManageOne" type="String"/>
		<column name="questionManageTwo" type="String"/>
		<column name="questionManageThree" type="String"/>
		<column name="questionManageFour" type="String"/>
		<column name="questionManageFive" type="String"/>
		<column name="questionManageSix" type="String"/>
		<column name="questionManageSeven" type="String"/>
		
		<column name="questionManageNoteOne" type="String"/>
		<column name="questionManageNoteTwo" type="String"/>
		<column name="questionManageNoteThree" type="String"/>
		<column name="questionManageNoteFour" type="String"/>
		<column name="questionManageNoteFive" type="String"/>
		<column name="questionManageNoteSix" type="String"/>
		
		<column name="questionRecordsOne" type="String"/>
		<column name="questionRecordsTwo" type="String"/>
		<column name="questionRecordsThree" type="String"/>
		
		<column name="questionRecordsNoteOne" type="String"/>
		<column name="questionRecordsNoteTwo" type="String"/>
		<column name="questionRecordsNoteThree" type="String"/>
		
		<column name="questionReskOne" type="String"/>
		<column name="questionReskTwo" type="String"/>
		<column name="questionReskThree" type="String"/>
		<column name="questionReskFour" type="String"/>
		<column name="questionReskFive" type="String"/>
		<column name="questionReskSix" type="String"/>
		<column name="questionReskSeven" type="String"/>
		<column name="questionReskEight" type="String"/>
		
		<column name="questionReskNoteOne" type="String"/>
		<column name="questionReskNoteTwo" type="String"/>
		<column name="questionReskNoteThree" type="String"/>
		<column name="questionReskNoteFour" type="String"/>
		<column name="questionReskNoteFive" type="String"/>
		<column name="questionReskNoteSix" type="String"/>
		<column name="questionReskNoteSeven" type="String"/>
		<column name="questionReskNoteEight" type="String"/>
		<column name="notcomplied" type="String"/>
		<column name="record" type="String"/> 
		
		<finder name="aditid" return-type="Collection">
			<finder-column name="aditid"/>
		</finder>

	</entity>  
	
	<entity name="LogWork" local-service="true" remote-service="true">
 		
 		<column name="logworkId" type="long" primary="true"/>
		<column name="user" type="String"/>
		<column name="time" type="String" />
		<column name="detail" type="String" />
		<column name="chronicle" type="String" />
		
		
	</entity>  
	
	<entity name="ComplainCheckAudit" local-service="true" remote-service="true">
 		
 		<column name="matterId" type="long" primary="true"/>
 		<column name="aditid" type="long"/>
		<column name="auditdate1_1" type="String"/>
		<column name="auditdateNote1_1" type="String" />
		<column name="auditdate1_2" type="String"/>
		<column name="auditdateNote1_2" type="String" />
		<column name="auditdate1_3" type="String"/>
		<column name="auditdateNote1_3" type="String" />
		<column name="auditdate1_4" type="String"/>
		<column name="auditdateNote1_4" type="String" />
		<column name="auditdate1_5" type="String"/>
		<column name="auditdateNote1_5" type="String"/>
		<column name="auditdate1_6" type="String"/>
		<column name="auditdateNote1_6" type="String"/>
		<column name="auditdate1_7" type="String"/>
		<column name="auditdateNote1_7" type="String"/>
		
		
		<column name="auditdate2_1" type="String"/>
		<column name="auditdateNote2_1" type="String" />
		<column name="auditdate2_2" type="String"/>
		<column name="auditdateNote2_2" type="String" />
		<column name="auditdate2_3" type="String"/>
		<column name="auditdateNote2_3" type="String" />
		<column name="auditdate2_4" type="String"/>
		<column name="auditdateNote2_4" type="String" />
		
		<column name="auditdate2_4_1" type="String"/>
		<column name="auditdateNote2_4_1" type="String"/>
		<column name="auditdate2_4_2" type="String"/>
		<column name="auditdateNote2_4_2" type="String"/>
		<column name="auditdate2_4_3" type="String"/>
		<column name="auditdateNote2_4_3" type="String"/>
		<column name="auditdate2_4_4" type="String"/>
		<column name="auditdateNote2_4_4" type="String"/>
		<column name="auditdate2_4_5" type="String"/>
		<column name="auditdateNote2_4_5" type="String"/>
		<column name="auditdate2_4_6" type="String"/>
		<column name="auditdateNote2_4_6" type="String"/>
		
		<column name="auditdate3_1" type="String"/>
		<column name="auditdate3_2" type="String"/>
		<column name="auditdate3_3" type="String"/>
		<column name="auditdate3_4" type="String"/>
		<column name="auditdate3_5" type="String"/>
		<column name="auditdate3_6" type="String"/>
		<column name="auditdateNote3_1" type="String" />
		<column name="auditdateNote3_2" type="String" />
		<column name="auditdateNote3_3" type="String" />
		<column name="auditdateNote3_4" type="String" />
		<column name="auditdateNote3_5" type="String" />
		<column name="auditdateNote3_6" type="String" />
		
		
		<column name="auditdate4_1" type="String"/>
		<column name="auditdate4_2" type="String"/>
		<column name="auditdate4_3" type="String"/>
		<column name="auditdateNote4_1" type="String" />
		<column name="auditdateNote4_2" type="String" />
		<column name="auditdateNote4_3" type="String" />
		
		<column name="auditdate5_1" type="String"/>
		<column name="auditdate5_2" type="String"/>
		<column name="auditdate5_3" type="String"/>
		<column name="auditdate5_4" type="String"/>
		<column name="auditdate5_5" type="String"/>
		<column name="auditdate5_6" type="String"/>
		<column name="auditdate5_7" type="String"/>
		<column name="auditdate5_8" type="String"/>
		
		<column name="auditdateNote5_1" type="String" />
		<column name="auditdateNote5_2" type="String" />
		<column name="auditdateNote5_3" type="String" />
		<column name="auditdateNote5_4" type="String" />
		<column name="auditdateNote5_5" type="String" />
		<column name="auditdateNote5_6" type="String" />
		<column name="auditdateNote5_7" type="String" />
		<column name="auditdateNote5_8" type="String" />
		
		
		<finder name="aditid" return-type="Collection">
			<finder-column name="aditid"/>
		</finder>
		
			<finder name="metterAudit" return-type="Collection">
			<finder-column name="aditid"/>
			<finder-column name="matterId"/>
		</finder>
	</entity>  
	
</service-builder>